SYMBOL,p value,p (rank),Fold change,ln(p),Fold (rank),log(fold),which
Rasgrp1,4.41683113994173e-06,7.0,1.29829211664629,-12.330088055661426,34.0,0.37661502726755525,both
Ints12,9.00036539397409e-05,94.0,1.344771415498,-9.315660289127685,8.0,0.42736096404308005,both
Trio,5.16328122611709e-05,60.0,1.29467577938719,-9.871353191038969,39.0,0.3725908546423651,both
Lzts2,2.53467999572488e-05,29.0,1.26842615557946,-10.582858070323374,83.0,0.34303953195183823,both
Zfp532,3.57131640044139e-05,38.0,1.27677225186453,-10.23999119752699,71.0,0.3525012028724242,both
Tbx3,0.000127575849036443,123.0,1.2978088393765,-8.966799475841848,35.0,0.3760778973636224,both
LOC100045403,0.000493771199429061,425.0,1.33503043036025,-7.613438307118118,10.0,0.41687262672891817,both
Bcl2l11,0.000358735574230717,327.0,1.3253092717663,-7.932925002902512,14.0,0.40632906366001437,both
D030063E12,4.8957446588726597e-05,55.0,1.26663697388927,-9.924559074128254,89.0,0.34100309826285574,both
Nfkbia,0.0011191085143909,867.0,1.35678336307322,-6.795222879920732,5.0,0.44019038474332134,both
AI413582,0.00274254224838577,1598.0,1.38162826049547,-5.898869960870366,2.0,0.46636949786633575,both
4930563B10Rik,0.000206064753075497,187.0,1.30650482854328,-8.487320103249742,27.0,0.3857124565389688,both
Bcl2l11,0.000371361842259166,342.0,1.32301310756375,-7.8983336546060805,18.0,0.4038273549828367,both
Nfkbia,0.000569163011104434,478.0,1.33336933665615,-7.471343677864988,11.0,0.4150764551143563,both
Zfp292,4.79962685300261e-05,54.0,1.26066104141365,-9.944387289036001,100.0,0.3341804250656692,both
Rheb,1.62546943238695e-06,3.0,1.16298726906572,-13.329713902431898,566.0,0.2178353040714236,both
Zfp608,0.0011712826821908,892.0,1.35247513808991,-6.7496558211161615,6.0,0.4356020739159978,both
Foxj3,0.000113685426489041,109.0,1.28513068540837,-9.082075340541289,57.0,0.36191507506424087,both
Fnip1,3.24933499573632e-05,36.0,1.24225385295065,-10.334475106261952,142.0,0.31296001653014416,both
Pum1,0.00252614701402765,1489.0,1.36286561146465,-5.981060056419759,4.0,0.4466433088545939,both
Trappc6b,0.000903989014622963,746.0,1.33099937766255,-7.008693349611682,12.0,0.4125098966867974,both
Cog3,0.000343094706979574,308.0,1.29951957312737,-7.977504035267618,32.0,0.3779783635839744,both
C330049H01Rik,8.73066890132446e-05,90.0,1.25171687875813,-9.346083477054592,115.0,0.3239082812786009,both
Clk2,0.000545111757920269,463.0,1.30368339772895,-7.514519723918878,30.0,0.3825935505624576,both
Bcl6,0.00169207657490178,1153.0,1.3357714778505,-6.381798761788025,9.0,0.41767321442012467,both
Syvn1,0.000171147753424306,151.0,1.26830756979869,-8.67298331942944,84.0,0.3429046473825594,both
Skil,0.00118244545499735,897.0,1.32301365758256,-6.740170565514197,17.0,0.40382795475712474,both
Fzd7,0.000414598806299127,369.0,1.29196851119489,-7.788199237129482,45.0,0.36957090803757886,both
Slc30a5,3.00808596997992e-05,32.0,1.21597078873254,-10.411621478845596,230.0,0.28210857133339096,both
Irf1,0.000340719532933464,306.0,1.28543816378377,-7.984450903172444,56.0,0.3622602107563856,both
Dmxl1,0.000564551316293294,472.0,1.29866495969995,-7.479479272760806,33.0,0.37702928042032413,both
Kit,0.00131143174805159,966.0,1.32171465551731,-6.636635801146424,19.0,0.4024107475687262,both
Sdad1,0.000426600453338644,377.0,1.28577056414843,-7.759662689249098,54.0,0.3626332278165307,both
Pcgf2,0.00178921947516808,1192.0,1.32497591601717,-6.325975801617917,16.0,0.40596613616007976,both
Ugcg,6.45558672184299e-05,73.0,1.22866562349182,-9.647979550636022,192.0,0.29709234535559514,both
LOC237877,0.000703252308024926,584.0,1.29593113858505,-7.25979482865881,37.0,0.3739890603048937,both
ORF61,0.000577775156089366,485.0,1.28735936719857,-7.456325768278905,50.0,0.36441483903232025,both
Kif1b,0.00148700064671059,1046.0,1.31418742137622,-6.510994176594604,22.0,0.3941710386802526,both
Kif20b,0.000304849734510393,272.0,1.26732442774933,-8.095691576496861,87.0,0.34178589337444637,both
Ddx6,3.19457042224913e-05,34.0,1.1971936619118,-10.351472839310526,321.0,0.2596565461666441,both
Ptch1,0.000261732894908828,239.0,1.25782339009751,-8.248186059312372,104.0,0.33092936886475643,both
Tcf7l2,0.000254217944531732,233.0,1.25602923622479,-8.2773186095221,108.0,0.32887004581044876,both
LOC100047200,0.000477590891099999,417.0,1.27364864123702,-7.646756068303942,74.0,0.34896733924436946,both
D14Abb1e,0.00162428415703564,1114.0,1.30889176452248,-6.422688079004622,25.0,0.3883458022161296,both
Pnldc1,0.000908255478648146,747.0,1.29194771283629,-7.003984854788509,46.0,0.36954768306725483,both
Ctgf,0.00213128992815859,1327.0,1.31531273852553,-6.151027882488072,21.0,0.3954058661920418,both
Tmem188,0.00152218067089249,1065.0,1.30397512843133,-6.487611320350818,29.0,0.38291635236731986,both
4732462B05Rik,3.82963700447103e-05,43.0,1.19693225352743,-10.170155443169802,322.0,0.2593414979239063,both
Sav1,0.000929773026928982,757.0,1.28794807067549,-6.980570058669356,48.0,0.3650744259919275,both
Ippk,1.36450801220267e-05,15.0,1.16118439185783,-11.202131531924788,587.0,0.21559708512006215,both
Foxj3,0.000151625561971902,135.0,1.22998631564515,-8.794096484379462,187.0,0.2986422647834564,both
Ahdc1,0.00105328482036704,822.0,1.28341669250596,-6.855841597725634,62.0,0.35998965258714666,both
Lin54,0.000996054655295842,788.0,1.27953359578185,-6.91170842709022,66.0,0.35561802766775696,both
Zfp292,0.000836727561710049,691.0,1.27433678852385,-7.0860120342347255,73.0,0.34974661112768,both
Zfp292,0.000665458411306385,552.0,1.26705873518067,-7.315034414483965,88.0,0.3414834029237379,both
Kif1b,0.001765690956677,1179.0,1.29495073712495,-6.339213188333133,38.0,0.37289721555092226,both
AI450540,0.00125098823531666,931.0,1.28478424890498,-6.683821451764876,59.0,0.3615261110391849,both
4933428G20Rik,0.00109723855799149,852.0,1.27921681797779,-6.814958657345959,67.0,0.35526081129615744,both
Cdc7,1.04077993030582e-05,12.0,1.14475639668961,-11.472955099889816,745.0,0.19504062655030682,both
Rad1,0.000836426295290682,690.0,1.27013832149388,-7.08637215224941,79.0,0.3449856189397997,both
2210419D22Rik,0.000124179693786086,119.0,1.21510174515689,-8.993780897918102,232.0,0.2810771213105438,both
Eif4enif1,0.000859901358919113,713.0,1.27053215146085,-7.05869287422641,76.0,0.34543288398333855,both
Clk2,0.00152999044590185,1071.0,1.2864664175321,-6.482493788105884,53.0,0.36341379683676167,both
Ube2g1,0.00024737763344207,227.0,1.23304720833254,-8.30459450855169,180.0,0.3022280356884031,both
Aebp2,0.000291858312069904,262.0,1.23658323622992,-8.139242106096761,161.0,0.3063593529138642,both
2810485I05Rik,0.000351818541479254,320.0,1.23989038234593,-7.952395022446886,148.0,0.31021257880856956,both
Centg3,0.00193638609033742,1252.0,1.28432955643415,-6.246931883183458,61.0,0.36101544266919505,both
Ncstn,0.000366163716588819,339.0,1.23504145687547,-7.9124300114933765,167.0,0.30455946984624394,both
Sox2,0.00052407936764931,441.0,1.24535945321055,-7.553867420133295,133.0,0.3165622133913136,both
Phf13,0.000406889607179606,365.0,1.23703560503001,-7.806968644743605,160.0,0.3068870253433689,both
Pscd3,0.000692301524635175,577.0,1.25168280162769,-7.2754889680074415,116.0,0.3238690043645053,both
LOC100041797,0.00111258821592397,860.0,1.26494301149196,-6.801066251855021,93.0,0.3390723897496726,both
Nudt4,0.000140520858607385,130.0,1.20496039742897,-8.870154620370506,278.0,0.2689857312089967,both
Irf1,0.000274856871034013,251.0,1.22408379347232,-8.199260064755915,207.0,0.2917023197047726,both
Pik3c3,0.000543660693598791,460.0,1.2433345148404,-7.517185230707915,137.0,0.31421450071397566,both
Setd1a,0.000586567388761061,489.0,1.24548282204102,-7.441222996622869,131.0,0.3167051237649113,both
Rbm5,0.000602441716130664,498.0,1.24541018891865,-7.414519633991352,132.0,0.31662098731664473,both
Pex11b,0.000708421931144176,588.0,1.24972584939761,-7.252470693833259,121.0,0.32161164761278954,both
Ctgf,0.00140779848062089,1011.0,1.2692140818105,-6.5657281560486105,80.0,0.3439354330223594,both
4930539E08Rik,0.000740738631745064,620.0,1.25044723699538,-7.207862718580691,119.0,0.3224441838435068,both
Fat1,0.00151396519132363,1062.0,1.27036149481503,-6.493023115430898,77.0,0.3452390895698254,both
Mysm1,0.00154123000883577,1073.0,1.26920033250293,-6.475174474317111,81.0,0.34391980432301444,both
Mll3,0.00206058129462128,1303.0,1.27689634384717,-6.184767154131468,69.0,0.35264141440058455,both
Vkorc1l1,0.000604068268307056,500.0,1.24131286670786,-7.411823339418092,146.0,0.3118667853797723,both
Gas6,0.000716177830634157,597.0,1.24572428237282,-7.241582055034076,130.0,0.31698479029583376,both
Centg3,0.00305580138446704,1696.0,1.28752583341729,-5.790713401783703,49.0,0.36460137937866294,both
Sox21,0.00133858298698164,978.0,1.26357083515975,-6.6161436969395035,97.0,0.3375065433243809,both
Dab2ip,0.000390028043631085,355.0,1.22780389286902,-7.849291914679377,193.0,0.2960801491619826,both
Pum2,0.00265403805819808,1555.0,1.28215310999959,-5.931673003235947,63.0,0.3585685535694443,both
Rabgef1,0.0014552649841495,1032.0,1.26462443653318,-6.532567275250081,94.0,0.3387090023128426,both
Btg1,0.000960397091968934,772.0,1.25205108311718,-6.948163721559147,113.0,0.32429342477564227,both
Setd2,0.000174766157633233,156.0,1.20270325615848,-8.652061719704145,293.0,0.2662807292319581,both
Phf13,0.000396128976216992,357.0,1.22524512262947,-7.83377070222006,201.0,0.2930704037790659,both
1110001A07Rik,0.00215172597600444,1339.0,1.27314934950151,-6.1414849793607615,75.0,0.3484016675871552,both
Med4,0.000685484563714756,570.0,1.23884050063406,-7.285384577501724,153.0,0.3089904540186525,both
Arhgef11,0.000450042851509291,394.0,1.22620690540433,-7.706167754157374,199.0,0.29420243434301613,both
LOC100044968,0.00161753210074078,1110.0,1.26263938449049,-6.426853685887672,98.0,0.3364426577365401,both
Slc30a5,0.000449548236953534,393.0,1.22521639354303,-7.707267397344021,202.0,0.2930365756121964,both
Slc38a2,0.00283504212011809,1637.0,1.2775144999366,-5.865698484728277,68.0,0.353339666010575,both
Stk17b,0.00186521154813823,1221.0,1.2642703987172,-6.284380801682006,96.0,0.33830505621147144,both
Hhex,0.00125888992513712,938.0,1.25166324758031,-6.677524958133672,117.0,0.32384646610840295,both
Zfp532,0.000816655651002196,667.0,1.23905643663329,-7.110293031753322,152.0,0.3092419009544324,both
Ensa,0.000247073841003753,226.0,1.20426344396777,-8.305823314581174,283.0,0.26815102974790767,both
Slc25a16,5.6866176362691e-05,67.0,1.16005239416883,-9.774809833604513,597.0,0.21418996664639883,both
Depdc1b,8.3859568207001e-05,88.0,1.17059469248109,-9.386366965209383,500.0,0.22724164256377619,both
Map4k3,0.00104308409469422,816.0,1.2421311226874,-6.865573478510749,143.0,0.31281747634894186,both
Zfp131,5.15547866524191e-05,59.0,1.15412589191489,-9.872865497254912,648.0,0.20680060157022132,both
2410042D21Rik,1.59841835785102e-05,19.0,1.12024561871195,-11.043910850982,1099.0,0.16381508411157172,both
Rbm5,0.000916932793524783,751.0,1.23505992283284,-6.994476377897669,166.0,0.30458104041443396,both
Tlk1,0.000421554102457367,374.0,1.21254764999919,-7.771562431802433,245.0,0.27804144261256775,both
Slc40a1,0.000412936394649455,367.0,1.21154908159415,-7.792216984976408,249.0,0.2768528516222409,both
Spc25,0.000231613249763285,210.0,1.19478936095172,-8.370441604215813,334.0,0.25675629628449925,both
Bxdc2,0.000342705210808703,307.0,1.20566532980265,-7.978639924038226,276.0,0.26982949758647373,both
Cdk2,2.08671633634694e-05,26.0,1.12475010678761,-10.777333765448473,1023.0,0.16960450389135162,both
Gnl3,0.000667277671648536,555.0,1.2233874987702,-7.31230429935403,209.0,0.29088143903170277,both
Cramp1l,0.00109410240032948,849.0,1.23645418029407,-6.817820977599027,162.0,0.306208778274295,both
Fnip1,0.000845557665105523,701.0,1.22868485527535,-7.0755141895793185,191.0,0.29711492707437426,both
Trak2,0.000222681602964236,200.0,1.1876029707069,-8.409767596164745,385.0,0.2480526072438348,both
Kif11,0.000196892594125364,179.0,1.18334712727417,-8.532852185391391,417.0,0.2428733410798695,both
Tmem55b,0.000566643438789649,475.0,1.21366657604154,-7.475780307799412,241.0,0.2793721323344721,both
Schip1,0.000564389617672023,471.0,1.21329276330128,-7.479765733491411,242.0,0.27892770973363457,both
Mcam,0.000831727790390646,686.0,1.22387688438803,-7.0920053456877294,208.0,0.2914584377558258,both
Dusp6,3.6410700205991e-05,40.0,1.13355233699294,-10.220647864816806,886.0,0.18085100296846493,both
Bbc3,0.0014242736011868,1017.0,1.23869050372489,-6.554093348783158,154.0,0.30881576413837114,both
Ccdc126,0.00054359501323642,459.0,1.21043380644024,-7.517306049319466,252.0,0.27552418653922384,both
Esco2,0.00120613793419233,911.0,1.23295018112306,-6.720331813923464,182.0,0.30211450704103426,both
1700047I17Rik1,0.00295917090861286,1672.0,1.25786236544209,-5.822846148322665,103.0,0.33097407201277335,both
Trappc6b,0.00297800356181188,1677.0,1.25778231928934,-5.816502148679437,105.0,0.33088226080560695,both
LOC100047934,3.99113198628065e-05,44.0,1.13203207289837,-10.128850568470597,910.0,0.17891483339588615,both
Ugcg,0.00109460271247142,850.0,1.22746517331476,-6.817363801209455,194.0,0.29568209175066773,both
Brpf1,8.76343509692568e-05,92.0,1.15431044933483,-9.342337502534264,645.0,0.20703128592596126,both
Usp6nl,0.000345861389114077,311.0,1.19385852839014,-7.969472472668859,339.0,0.25563188812500554,both
Etv5,0.000706217965089073,587.0,1.21409843882614,-7.255586635698296,236.0,0.27988539972274334,both
Nedd1,0.000711073537901896,593.0,1.21406578585633,-7.2487347046741295,238.0,0.2798465981646451,both
Taf5,0.000394940250051601,356.0,1.19597296135749,-7.83677607019711,326.0,0.25818477335172724,both
Adnp,8.74426670181006e-05,91.0,1.15248955561085,-9.344527213439221,662.0,0.20475367634944333,both
2810403A07Rik,0.00042525022994111,375.0,1.19762694611165,-7.762832785968614,318.0,0.26017858691670737,both
Taok1,0.000628016451386992,528.0,1.20880549147531,-7.372944195363095,260.0,0.2735821196410259,both
Anapc5,0.000161929124991689,143.0,1.16954667247401,-8.728351818514263,511.0,0.2259494356991037,both
Rab11b,5.33101219394316e-05,64.0,1.13666113284657,-9.839384339767156,851.0,0.1848022148031498,both
Chic2,0.00208871672451916,1312.0,1.24210749407351,-6.171205408992263,144.0,0.3127900322186935,both
Elavl2,0.000205374221549426,186.0,1.17494938322299,-8.490676772000265,473.0,0.23259860687869763,both
Vkorc1l1,0.00143210252635628,1020.0,1.23087222650946,-6.548611616389085,185.0,0.29968100735555464,both
Dcun1d4,0.00187522938532347,1227.0,1.23780797092623,-6.279024288203365,157.0,0.3077875173948509,both
F630043A04Rik,0.000277250070028656,254.0,1.18174542797314,-8.19059067915076,427.0,0.24091928309873126,both
Bbc3,0.00177197234748183,1182.0,1.23464770617648,-6.335662032179572,169.0,0.3040994425731028,both
Ncstn,0.00042713661496685,378.0,1.1931481501739,-7.758406654531621,344.0,0.2547731899326758,both
4921505C17Rik,0.00266803079311506,1565.0,1.24589324901476,-5.92641460934804,129.0,0.31718046024413465,both
Dcun1d4,0.0010706255977635,836.0,1.21914723827945,-6.839512130554697,216.0,0.2858723729703765,both
Btg1,0.00108119686667796,843.0,1.21862340205488,-6.829686641570287,219.0,0.28525235078900074,both
Arl8a,0.00341918100496663,1812.0,1.25158215865986,-5.678354228817656,118.0,0.32375299817820824,both
Tbk1,0.00176887514040169,1181.0,1.23194180190476,-6.337411448318304,184.0,0.3009341033651316,both
Sox2,0.00105536271211526,825.0,1.21665584134697,-6.853870768187947,228.0,0.2829211268020285,both
Dusp6,0.000520950267672959,439.0,1.19610752390241,-7.559855976289227,325.0,0.2583470862150663,both
Sqle,0.00194248160474464,1255.0,1.23373174659449,-6.243788945654241,176.0,0.3030287397638064,both
Taok1,0.000181915988306525,167.0,1.1652690303622,-8.611965580170208,542.0,0.220663074159829,both
Fnip1,0.00064848072903545,541.0,1.20130664657468,-7.340878270862958,302.0,0.26460446163839135,both
Usp1,0.000328497805830108,290.0,1.18164110150219,-8.020980399422317,428.0,0.24079191393546165,both
Itgb1bp1,0.000449290571322591,392.0,1.1906191521685,-7.707840727368556,366.0,0.2517120066987901,both
3830431G21Rik,0.000517882932580926,438.0,1.19462100679835,-7.565761340124907,336.0,0.2565529961684037,both
Clstn3,0.000666822125921396,554.0,1.20160312948963,-7.312987225392509,299.0,0.2649604753660295,both
Bbc3,0.00364910565057208,1877.0,1.25004642478138,-5.613273168652342,120.0,0.3219816753338814,both
Skil,0.0025789327471395,1518.0,1.23964564908714,-5.960379629530543,150.0,0.3099277872544501,both
Cbfb,0.00017528245280285,158.0,1.16078948756372,-8.64911186914849,591.0,0.21510635912414927,both
Cwf19l1,0.000778112456345403,645.0,1.20332762439901,-7.158639498800458,289.0,0.2670294918449402,both
Ube2g1,0.0006956791772047,581.0,1.19979443846645,-7.270621956193119,306.0,0.26278724915985396,both
Brpf1,0.000289213606728733,260.0,1.17444686112209,-8.148345019240356,476.0,0.23198143882481412,both
Ski,0.000791646502794174,651.0,1.20197704558745,-7.141395600642739,297.0,0.2654093448566159,both
Pum1,0.00281441200433796,1623.0,1.23810479517456,-5.87300191866249,156.0,0.30813343174126573,both
Etv5,0.00088621085342988,730.0,1.20467778287474,-7.0285556521176185,280.0,0.2686473180637594,both
Dab2ip,0.000540142957487832,456.0,1.19025030017736,-7.523676717353791,370.0,0.25126499273742203,both
Hmgb2l1,0.00178385580068485,1188.0,1.22441054525947,-6.328978077303704,205.0,0.2920873752699535,both
Cenpi,0.000660327834022367,549.0,1.19562637222135,-7.322774128051752,328.0,0.25776662435459785,both
2310016C08Rik,0.00250168531641581,1478.0,1.23331411397722,-5.990790647662905,178.0,0.30254028795086374,both
Epc1,0.000478572839142544,418.0,1.18387980768687,-7.644702134742787,411.0,0.2435226201087637,both
Vps33b,0.000947131249781297,765.0,1.20316331903361,-6.962072879047643,291.0,0.2668324892035054,both
Fancd2,0.000531878816297349,447.0,1.18609797454517,-7.539094883485222,397.0,0.24622318488600117,both
LOC654842,0.00101960673571666,805.0,1.20397488809264,-6.888338279249671,286.0,0.26780530139825093,both
Clspn,0.000282297508791496,256.0,1.16675937296756,-8.172549047428515,535.0,0.22250705699950873,both
Ube2k,0.00097975107434456,783.0,1.20258330473137,-6.928212024335443,295.0,0.26613683508479374,both
Tle1,0.00258877809314451,1522.0,1.22994193832963,-5.956569293301963,188.0,0.29859021210026754,both
Ap1s1,0.00106749119078509,835.0,1.20401475685081,-6.842444065087497,284.0,0.2678530744107506,both
Fbxo27,0.00142473433926016,1018.0,1.21155209939343,-6.553769911230854,248.0,0.27685644516929503,both
Ubl3,0.000373385536372117,344.0,1.17224075034465,-7.892899062550316,490.0,0.22926889540801826,both
Rhot1,0.000787718423526873,649.0,1.19375460000243,-7.146369862513822,343.0,0.2555062924262146,both
Med24,0.00011472609710983,112.0,1.13800603871206,-9.072963034775691,832.0,0.18650821317773536,both
1700047I17Rik1,0.00074537411864406,625.0,1.19084231870404,-7.201624292954627,362.0,0.2519823963389303,both
Ppm1b,7.53609583071801e-05,80.0,1.12473579008036,-9.493221211386626,1024.0,0.16958614001311584,both
Elavl2,0.00043450699854819,384.0,1.17518642324085,-7.741298506258074,470.0,0.23288963385550282,both
Nme7,0.00075530502010901,634.0,1.1908444594441,-7.188388890156951,361.0,0.25198498982443535,both
Prkacb,4.18828956583184e-05,47.0,1.1048390356644,-10.080633032558463,1332.0,0.14383619824640073,both
Atad1,0.000334210782634958,300.0,1.16467074462916,-8.003738678305027,549.0,0.21992215897538772,both
Ccnb1,6.83572245958608e-05,78.0,1.11861350682682,-9.590763300367573,1124.0,0.1617116555276981,both
Sppl3,0.000595929751300295,495.0,1.17904021491889,-7.4253877647915925,446.0,0.23761292686271318,both
BC002199,0.000295290489624844,264.0,1.15754998518134,-8.127550975541197,621.0,0.21107449311075518,both
C630022N07Rik,0.00143763524231644,1024.0,1.20296360373591,-6.544755708106729,292.0,0.266592993715951,both
Fbxl10,0.000681583152006393,568.0,1.18124757919716,-7.2910923010551505,431.0,0.24031137273364175,both
Ube2k,0.000236542348528435,214.0,1.15055517442587,-8.34938330251707,678.0,0.20233016910043417,both
Nkrf,0.00011457615575261,111.0,1.12952435862712,-9.074270840318109,942.0,0.17571538333977996,both
Apaf1,0.000570261309050135,480.0,1.17568699271726,-7.469415865255722,468.0,0.23350401752010083,both
Narg1l,7.19303396459203e-05,79.0,1.11531366404357,-9.539812412200977,1170.0,0.15744950200386645,both
Gclm,0.000171335636373504,152.0,1.14002360680868,-8.67188613939886,807.0,0.18906369901562467,both
Rgs16,0.00111322009373782,862.0,1.1938311735158,-6.800498478046214,340.0,0.2555988312822135,both
1110018G07Rik,0.00181988002947153,1206.0,1.20796839773721,-6.3089846979388975,263.0,0.27258271209330154,both
Aprin,0.00163432211228087,1119.0,1.20449085948553,-6.416527170833272,282.0,0.26842344544443425,both
Lrch4,0.000401852330288666,361.0,1.16295480865319,-7.819425874420616,568.0,0.21779503610720063,both
Sin3a,0.000803838142061308,658.0,1.18101206013929,-7.126112624896207,434.0,0.24002369717732977,both
Pnrc2,0.000465557214368806,410.0,1.16511964579249,-7.6722755593073035,544.0,0.22047811241468632,both
Tle1,0.00493394050801166,2159.0,1.23305840109726,-5.311617318505091,179.0,0.3022411314342576,both
Nat5,0.00321094885914419,1744.0,1.22023214583341,-5.741188790770764,213.0,0.28715564269161237,both
Sqle,0.000739624853331122,617.0,1.17748708262301,-7.2093674552691125,450.0,0.235711233139167,both
Axin1,0.000269876039845629,244.0,1.14751354091179,-8.217547816072793,719.0,0.19851117785784325,both
Myo1e,0.00165627391621614,1132.0,1.19948243126259,-6.403184828354441,309.0,0.26241202673017355,both
Fbxo34,0.00223500366049767,1377.0,1.20793542350448,-6.103512413111383,264.0,0.2725433299278184,both
Fbxo34,0.000776908251930442,644.0,1.17713797543104,-7.160188294452206,458.0,0.2352834323591138,both
Ypel3,0.0028550428638876,1642.0,1.21415432847603,-5.858668422365991,235.0,0.279951811030358,both
Csnk1d,0.0011486562461821,885.0,1.18784952892827,-6.769162501394625,383.0,0.24835209403600841,both
Pias1,0.000801798046656366,656.0,1.17736721428833,-7.128653793956932,452.0,0.2355643591246018,both
Fbxl10,0.000299980744721928,267.0,1.14897589900216,-8.11179226962821,700.0,0.2003485362305581,both
Tbp,0.00011937551123542,113.0,1.12202959246078,-9.033236476572172,1064.0,0.166110726154743,both
Tsc22d2,0.00116071373797888,887.0,1.18736028287818,-6.758720171716879,389.0,0.2477577609739663,both
Aebp2,0.000659395399581708,548.0,1.17088617467129,-7.324187204024156,497.0,0.22760083397838954,both
Prkcz,0.000517773130007004,437.0,1.16374278601402,-7.565973384602413,554.0,0.21877222461409565,both
Dusp7,0.00301846815740636,1690.0,1.21409128935588,-5.803005808928257,237.0,0.2798769040890048,both
Ep400,0.000108880359476426,106.0,1.11804685703861,-9.12526089804288,1133.0,0.16098065240351453,both
Rabgap1,0.000848817875182206,704.0,1.17716155612663,-7.071665911529264,456.0,0.2353123324647575,both
Cdc2a,0.00045484479561464,401.0,1.15905420557385,-7.695554305743327,610.0,0.21294803854793207,both
Exosc1,0.00235402306438481,1426.0,1.20618139249678,-6.051629472237587,270.0,0.2704468843333904,both
Etl4,0.000838896671496503,692.0,1.1763503782006,-7.083423015819857,464.0,0.23431783364753522,both
2310016C08Rik,0.00201604496622454,1282.0,1.20145404792752,-6.206617624346889,301.0,0.2647814706942794,both
D630036H09Rik,0.00109899070951514,853.0,1.18385756916112,-6.813363057176785,412.0,0.24349551962783128,both
Vps33b,0.00294963037173934,1667.0,1.2117146884874,-5.826075414196302,247.0,0.27705004042764486,both
Smarcad1,0.00120956842071862,916.0,1.18551914740516,-6.71749166008994,400.0,0.2455189640796354,both
Mettl3,1.83559779021181e-06,,1.74258475936124,,,,both
1110068E08Rik,1.90921655041087e-05,,2.37119431164399,,,,both
LOC100040592,3.36930276585434e-05,,2.10106988952122,,,,both
Nkrf,3.61957998766815e-05,,2.91302321310067,,,,both
Dab2ip,4.75254283863746e-05,,2.82043676899724,,,,both
Nodal,5.74403130044754e-05,,2.00574182313303,,,,both
Map3k1,6.63608704675189e-05,,2.27426605929752,,,,both
Fbxo31,6.67240541091241e-05,,1.53464475022378,,,,both
Statip1,9.35239655406317e-05,,1.99831942934688,,,,both
2410042D21Rik,0.000109811529699244,,2.20702752571626,,,,both
Zfp532,0.00011888953301864,,4.24659716484595,,,,both
Manba,0.000119650262851323,,2.33469710220227,,,,both
LOC100044968,0.000128572077122246,,3.58413897853419,,,,both
Wdr68,0.000144649535307795,,2.11110763640958,,,,both
Anp32a,0.000155906294093788,,1.54719161638337,,,,both
Kif11,0.000167676533319838,,4.3478309574912,,,,both
Ap1s1,0.000172501854696638,,1.66262812482672,,,,both
Prkcz,0.000174387852338809,,1.85115661354894,,,,both
Setd2,0.000177259019082943,,3.24039496110044,,,,both
Bbc3,0.000179691868599341,,5.52903555677893,,,,both
Vps33b,0.000184615538360799,,1.84760416633606,,,,both
Ppap2b,0.00019591629587612,,1.60267572431376,,,,both
Usp42,0.000216485448067627,,2.31644127099031,,,,both
Nudt4,0.000223364879389343,,2.67934390507617,,,,both
Rin2,0.000252691223892709,,1.78439305258752,,,,both
Stk17b,0.000259076615448994,,2.80654160687267,,,,both
Ddx6,0.000263979724792085,,4.49913825411181,,,,both
D030063E12,0.000266111469973795,,2.24896281340685,,,,both
Ncapd3,0.000330054727922247,,2.18964703165029,,,,both
Setd1a,0.000340770976776206,,2.51099064231853,,,,both
scl000911.1_939,0.000341889390733319,,1.79342961758051,,,,both
Trp53inp1,0.000357241548467502,,1.73225590244198,,,,both
Stk4,0.000360711627993893,,3.29526616898236,,,,both
9330180L10Rik,0.000374582357484554,,2.39706152579912,,,,both
Tsc22d2,0.000386547460440867,,2.44187365604258,,,,both
Schip1,0.00041487617510727,,2.52353495616272,,,,both
Clk2,0.00043209959976187,,4.5802889813571,,,,both
Kbtbd2,0.000461763757630962,,1.63907812837388,,,,both
Ints7,0.00047156586740571,,1.77358239338036,,,,both
Gak,0.000472167132265389,,2.12967714356674,,,,both
Kif20b,0.000510412879092925,,1.75928442017624,,,,both
Dnajb1,0.000528832476273222,,1.64821449677535,,,,both
Apaf1,0.000537459239688509,,2.83232705486138,,,,both
Arhgef3,0.000539934589478985,,2.20134381649759,,,,both
Skp1a,0.00054799422582763,,1.79957961566126,,,,both
4930430F08Rik,0.000568882087564559,,2.5493109947419,,,,both
Brpf1,0.000577134702039461,,1.65219594379461,,,,both
Suz12,0.000577662999800888,,2.88184214470216,,,,both
Clspn,0.000579564271973143,,2.19484160133889,,,,both
Epc1,0.000656506082458264,,1.70126376183944,,,,both
Snx10,0.000658775103241083,,2.03364783812257,,,,both
Rbm5,0.000683524678059877,,5.36182643381069,,,,both
Kif22,0.000685727280461235,,1.83691355333158,,,,both
Ube2g1,0.000691963887095803,,4.32962161368606,,,,both
Cnot2,0.000730534218625456,,2.32991681371221,,,,both
Sdad1,0.000733596744146525,,2.89743580410581,,,,both
Hes1,0.000765300262536295,,1.5635669834043,,,,both
Kif1b,0.000765634494903744,,2.75900768623501,,,,both
Spc25,0.000771071453719352,,1.72088049599954,,,,both
Ncaph,0.000783162736599508,,1.92426548131893,,,,both
Ahnak,0.000784418974493661,,1.78710239316167,,,,both
Bcl6,0.00079732293310153,,1.89021008917533,,,,both
Lsm1,0.000814361254299567,,3.60288265093624,,,,both
Ugcg,0.000866077112660402,,2.47526187469605,,,,both
Caskin2,0.000892280379479637,,1.57741918627553,,,,both
Zmym2,0.000900874909011806,,1.73902668363174,,,,both
Tcf4,0.000911428142797877,,1.84079583003219,,,,both
Esco2,0.00091576674476046,,4.06637916078729,,,,both
Exosc1,0.000916110232688006,,4.00540611321325,,,,both
Incenp,0.000921040772742909,,1.75270584701326,,,,both
Lsm8,0.000923917349198944,,2.08006076173412,,,,both
Zcchc8,0.000952371101435756,,2.45544942192922,,,,both
Snip1,0.000964172176826761,,1.50426713003608,,,,both
Ippk,0.00098581280320087,,2.64499685102999,,,,both
Zcrb1,0.000996742799570516,,2.46275646529306,,,,both
LOC100048613,0.0010238664206772,,1.88598668995227,,,,both
LOC100047707,0.00102719888649061,,2.11577646080039,,,,both
Sppl3,0.00103844624044203,,2.48949451997185,,,,both
Hmgb2l1,0.00105124379869781,,4.88567391103028,,,,both
Narg1l,0.00108758795470643,,1.55804943660036,,,,both
Pnldc1,0.00109586081276436,,1.88569076819546,,,,both
Whsc2,0.00110581222818273,,1.85542007420493,,,,both
Skil,0.00111145153083059,,1.55432228912851,,,,both
Akap1,0.001119654163242,,1.77387846747427,,,,both
Bxdc2,0.00111980348854024,,2.49173575323677,,,,both
Otud4,0.00112243072424867,,2.48385901463237,,,,both
Slc30a5,0.00112661956192606,,2.38305469695355,,,,both
Phf13,0.00114060394276372,,3.55923583219033,,,,both
Trip10,0.00114804925226408,,1.86321468860896,,,,both
Fzd7,0.00115522978019145,,2.16553785205533,,,,both
F630043A04Rik,0.00117249820625209,,2.15355554146061,,,,both
Ncstn,0.00118519188049082,,1.89872642461872,,,,both
Dusp6,0.00118899450463483,,2.78655973524286,,,,both
D130063H01Rik,0.00121439758757058,,2.45328494472805,,,,both
Trappc4,0.00122836601995091,,1.99782757497389,,,,both
4921505C17Rik,0.00123972519713655,,2.01606599187017,,,,both
Gtse1,0.00126938594931592,,2.32226333830596,,,,both
Adnp,0.00127444008660416,,2.80959830368413,,,,both
Phf3,0.00129224742610978,,1.70901816336442,,,,both
Hhex,0.00133477873092613,,2.00783122929554,,,,both
Cdk2,0.00133831615642599,,2.21257496110073,,,,both
Fbxo34,0.0013587210531979,,1.73057629076193,,,,both
Ctgf,0.00136857670782986,,4.78952830635915,,,,both
Cenpi,0.00138329629902911,,1.62462473284823,,,,both
Med4,0.00142162487650832,,3.97524831522521,,,,both
LOC100047200,0.001427747185477,,3.43342955402014,,,,both
ORF61,0.00144776608006669,,2.47479081208894,,,,both
Tmem55b,0.00145826667721227,,2.78578141419333,,,,both
Aip,0.00146378611286113,,1.55763520130847,,,,both
Rbm5,0.00146798022880512,,4.40812749618788,,,,both
Gorasp1,0.00148921878726416,,1.73854025070485,,,,both
Atad1,0.00150180007359757,,1.57446655372561,,,,both
Cdc7,0.00150339361856666,,3.02777637788608,,,,both
Tiam1,0.00150772837613988,,1.56391515179817,,,,both
4933428G20Rik,0.00153192722252959,,1.92167303007163,,,,both
Kif2a,0.00158478031009202,,2.10891733959198,,,,both
Fbxo27,0.00160365154496422,,2.2348669298301,,,,both
Pdcd10,0.00161003811505678,,3.70207619997529,,,,both
Clk2,0.00163736634987166,,2.87546538489877,,,,both
Gas6,0.00165217063987055,,1.82148144203221,,,,both
Epb4.9,0.00166435355811523,,1.51205358250604,,,,both
Ccnb1,0.00169530142239438,,2.55221552240578,,,,both
Mcam,0.00171921588424406,,2.43320946499476,,,,both
Numb,0.00174177010107346,,2.41373542584445,,,,both
AI450540,0.00175459675658585,,3.30592006853143,,,,both
Yeats4,0.00176309324051771,,2.15258830754688,,,,both
Adnp,0.00180028867755411,,2.2794413572037,,,,both
Trio,0.00180582902061444,,2.30965042938305,,,,both
Gtse1,0.00186010947791393,,1.84956989649922,,,,both
Ccnb1,0.00187268673929342,,3.29466276183874,,,,both
Irf1,0.00189338031025699,,3.30917268525704,,,,both
C330049H01Rik,0.00189940711138525,,1.64173858375722,,,,both
D14Abb1e,0.00193727343815875,,1.54246581905405,,,,both
Sox2,0.00195711880699245,,2.50255570781851,,,,both
Eif4enif1,0.00199098016589172,,3.06760472177979,,,,both
Tuft1,0.00199523249874967,,1.8039387534006,,,,both
Dab2ip,0.00199881929122125,,2.64450610670856,,,,both
Dusp7,0.00200100882350429,,2.37113344146491,,,,both
Lin54,0.00204665175888707,,3.85040909968853,,,,both
Papolg,0.00205240619620062,,2.55887793269961,,,,both
Skil,0.00205613547063499,,3.55823516194091,,,,both
Etl4,0.00207053163860349,,2.48074519238881,,,,both
Rheb,0.00208595047381599,,2.51392784320791,,,,both
Fbxo34,0.00209876032020562,,2.07181221452264,,,,both
Myst1,0.00210246873756403,,1.74318993598353,,,,both
Btg1,0.0021078311997379,,4.65263524999283,,,,both
Rabgap1,0.00214467849965061,,3.03996722980422,,,,both
Dhx35,0.00216030269926959,,1.95814504976072,,,,both
Axin2,0.00219036296369668,,1.83731402342888,,,,both
Dnaja3,0.00222340728504844,,2.16660033498277,,,,both
Psmg2,0.00222690832734918,,2.16606276216177,,,,both
Phactr4,0.00223084446966815,,2.3486764257177,,,,both
Mgea6,0.00223508722107457,,1.78556148772633,,,,both
Rhot1,0.00225404551584107,,3.9113666296345,,,,both
Depdc1b,0.00225729690909093,,2.66201664232689,,,,both
Zfp532,0.00232179703451196,,4.74721543314128,,,,both
Arhgef11,0.00234345411651082,,2.79142066000468,,,,both
Gnl3,0.00234673265575769,,3.01926084425023,,,,both
Lzts2,0.00235483283512228,,2.1590222439971,,,,both
Tmem60,0.0023614307824853,,1.67561876696014,,,,both
LOC100045040,0.00242235169580907,,1.79043599478353,,,,both
Btg1,0.00244006165379518,,4.12684861569776,,,,both
Sqle,0.00245180767913034,,3.16758145365386,,,,both
Slc38a2,0.00247623689016385,,2.56981642197166,,,,both
Ptbp1,0.00251229688198507,,1.71288372659422,,,,both
Nptn,0.0025377648655901,,3.87401423400246,,,,both
Ccdc126,0.0025774918544138,,1.81795230753953,,,,both
Ahdc1,0.00263030166217215,,2.13881676214464,,,,both
1110001A07Rik,0.00265446835722849,,4.32463507646809,,,,both
Fbxo34,0.00266808847159061,,1.84980034472811,,,,both
Ddx26,0.00267023136687328,,2.46061551876299,,,,both
4732462B05Rik,0.00267088322732267,,1.76073114374065,,,,both
2310007O11Rik,0.0026931143063581,,2.00637838831778,,,,both
Pnrc2,0.00272013756317646,,3.46375598153855,,,,both
Acsl3,0.00275188472845667,,1.66687931539566,,,,both
Clstn3,0.0027610724149536,,2.77341605191631,,,,both
LOC100045403,0.00276570596158843,,1.69820220162843,,,,both
Cog3,0.00281741050435214,,2.36953744870468,,,,both
Sfrs5,0.00285069293794282,,2.183944677634,,,,both
Itgb1bp1,0.00290763370070446,,2.12529053931644,,,,both
Rg9mtd2,0.00293450824860808,,2.76748904291454,,,,both
Fbxl14,0.00296013503862302,,2.01975345557126,,,,both
Arpp19,0.00297100687035012,,1.59540025519541,,,,both
Foxj3,0.00297642491744909,,1.82333519391834,,,,both
Klf5,0.0029855057393513,,1.93064764337689,,,,both
Myo1e,0.00303953929263712,,2.64006114304183,,,,both
AI413582,0.00308087993942241,,3.43550822026486,,,,both
Fat1,0.0030817173876192,,2.58548178339632,,,,both
Pias1,0.0031106435226157,,3.46603759607747,,,,both
Pex11b,0.0031138368770991,,3.64032564743636,,,,both
Dab2ip,0.00312205569900947,,2.38880618589503,,,,both
2310016C08Rik,0.00313838323632043,,3.10255373304853,,,,both
Ctdspl2,0.00315094842238262,,1.57286445843293,,,,both
LOC100041797,0.00315648732994178,,1.60198371226028,,,,both
Fzr1,0.00316953680966003,,1.94501400646847,,,,both
Whsc2,0.00326507055705383,,1.63684395138884,,,,both
Pscd3,0.00332968806194345,,3.49185393255062,,,,both
Slc30a5,0.00334412930948591,,3.18093938097365,,,,both
LOC666676,0.00336257256547112,,1.93217394957868,,,,both
Syf2,0.00338020495182612,,2.3057040498971,,,,both
Ypel3,0.00338787279937358,,3.94045778569459,,,,both
Ltv1,0.00344070861939105,,1.63748620306052,,,,both
2810403A07Rik,0.00344105471043965,,3.90811261292373,,,,both
Aebp2,0.00350116132947698,,3.4334220537393,,,,both
1700047I17Rik1,0.00353369737980502,,2.10133335498749,,,,both
Syvn1,0.00355508564868268,,2.78558399253566,,,,both
Atmin,0.00359419618727008,,1.57711422268915,,,,both
Ep400,0.003595513286477,,1.50510681553939,,,,both
9330186A19Rik,0.00360709788754321,,1.60411223552529,,,,both
Pcgf2,0.00361791843415005,,1.76848115533058,,,,both
Tlk1,0.00361978546782071,,3.71281520060343,,,,both
Fgfr2,0.00362001188021621,,2.30181804447908,,,,both
Cbfb,0.00364509524397838,,2.77297228657977,,,,both
Anapc5,0.00369996471131984,,1.52254876964502,,,,both
Usp6nl,0.00370884918208003,,1.71525339399414,,,,both
Vamp4,0.00371865907435398,,1.63775052412843,,,,both
Rab11b,0.00374589255394309,,2.58574815291585,,,,both
Fnip1,0.003770386486601,,2.6509583840103,,,,both
Ppp3r1,0.00388249348339231,,2.18478106030665,,,,both
Fnbp1l,0.00389204112642139,,1.76486970791189,,,,both
Nedd1,0.00390001504338722,,2.55141456523818,,,,both
Tbp,0.00392877940672165,,2.5438869850981,,,,both
Pum1,0.00397650201578481,,5.27994688461228,,,,both
Map4k3,0.00398139534455044,,5.16448478207028,,,,both
Tcf7l2,0.00399975420658494,,2.0139176987724,,,,both
Chic2,0.0040082664810811,,2.11985760774858,,,,both
Gclm,0.00402134387837572,,2.24865465880788,,,,both
Uck2,0.00402544952217099,,2.17279361624084,,,,both
D15Wsu169e,0.00403141977459898,,1.55903505406177,,,,both
Cramp1l,0.00403510761000947,,2.5001368451525,,,,both
Klf4,0.00406068053264508,,1.67897264113149,,,,both
Trappc6b,0.00406955446419854,,2.3635617044292,,,,both
LOC237877,0.00412096467786338,,4.40708500950018,,,,both
Tle4,0.0041237851166801,,2.95198898965975,,,,both
Csnk1d,0.00421461089906883,,1.92697430495191,,,,both
Apaf1,0.0042199821317821,,3.11957352540973,,,,both
Taf5,0.00423535492728822,,2.75228398832988,,,,both
Myst4,0.00426180078806948,,2.16880280812187,,,,both
Tle1,0.00429882803232828,,1.66470934287612,,,,both
Narg1l,0.00430554296045893,,2.21341580751103,,,,both
Prkcz,0.00432042887761119,,1.84363058650721,,,,both
Mll3,0.00432630881366747,,2.51817567920324,,,,both
Trak2,0.00435336693856203,,1.76400464467705,,,,both
Sumo3,0.0043674839669362,,1.80063952283782,,,,both
Txndc13,0.00439341991373798,,1.51170240564275,,,,both
Tmem188,0.00441157732219388,,1.77023825781015,,,,both
Bhlhb2,0.00443806328842034,,2.27585741248703,,,,both
0910001A06Rik,0.00444520659075753,,1.7615237148233,,,,both
Arl8a,0.00445144245627771,,3.97271929494587,,,,both
Cd9,0.0044731223973693,,2.63304423174638,,,,both
Ints12,0.00447378090442341,,2.32692136927236,,,,both
Fancd2,0.00447429925644505,,1.79865321575913,,,,both
LOC654842,0.00447654568859568,,3.00726720340665,,,,both
Sav1,0.00448035248463252,,2.51079244179851,,,,both
Pigp,0.00448350559217814,,1.59906369548643,,,,both
Dync1i2,0.00449468678948883,,1.75549959321983,,,,both
Gtf2ird1,0.00451256677274925,,1.56522941670616,,,,both
Trim2,0.0045332560909499,,1.56488573738955,,,,both
Prkacb,0.00453350231827709,,2.8489542656576,,,,both
Aprin,0.00456361020712515,,2.44077298118565,,,,both
2610305D13Rik,0.00459830909259507,,1.57562537444495,,,,both
Elavl2,0.00465609091678876,,3.09367384636274,,,,both
Ccar1,0.00472986073497994,,2.07739648862948,,,,both
Morc3,0.00476893622760388,,1.82419616243213,,,,both
Zfp608,0.00478492671958619,,2.99201010252087,,,,both
Lrch4,0.00485717405856423,,1.50122945877719,,,,both
Ptch1,0.00486279361743291,,1.75836412221385,,,,both
Pias1,0.0048630629958476,,3.44117079333706,,,,both
Zfp644,0.00501382484182122,,1.97501806028981,,,,both
Lsm6,0.00501468258443549,,1.94066248014297,,,,both
Herc2,0.00511410633134468,,2.32334901427949,,,,both
Cbfb,0.00512805240613268,,2.29475362127447,,,,both
Sox21,0.00513569051079443,,1.8492188379893,,,,both
Dcun1d4,0.00515083617115508,,2.46048106063549,,,,both
Hrb,0.00515223424986766,,1.73645707694756,,,,both
Ptbp1,0.00519102904373736,,1.69663663805581,,,,both
Cdc2a,0.00525674190968151,,2.28307357924291,,,,both
LOC100047911,0.00531005006053253,,2.81745451526382,,,,both
Mysm1,0.00531106451423424,,2.51133687221558,,,,both
Siah1b,0.00534061318095158,,2.34323133410643,,,,both
Rabgef1,0.00535683220141814,,4.14385551973058,,,,both
Phca,0.00542002504691019,,1.73298603795043,,,,both
Prr8,0.00544226160494787,,1.56561647808544,,,,both
Cebpb,0.00548950538409632,,1.64898125581245,,,,both
Pum2,0.00548994579735484,,5.22402078174594,,,,both
Sin3a,0.00550895800036011,,3.22977762408906,,,,both
BC032203,0.00552650021225509,,2.60522703190817,,,,both
Dcun1d4,0.00555795877352661,,1.85810189895364,,,,both
Ppm1a,0.00562546865510816,,1.81961024054603,,,,both
Rad1,0.0056509966548336,,1.74592849738045,,,,both
Med31,0.00565425748454884,,2.32544784242489,,,,both
Elovl5,0.00567073574915478,,2.52152343652807,,,,both
LOC100045542,0.00576463656493464,,2.07220415547772,,,,both
Dmxl1,0.00576705240029696,,1.72877433241553,,,,both
2310003C23Rik,0.00582453928092497,,2.45066301317564,,,,both
4930539E08Rik,0.00582951431977119,,1.88035727752231,,,,both
Slc6a6,0.00591751069737023,,1.95051268740785,,,,both
Tbk1,0.005941019475315,,3.39054409697382,,,,both
3830431G21Rik,0.00594915910991001,,1.89299799025527,,,,both
Zfp512,0.00595070596817238,,1.70949534316646,,,,both
Nat5,0.00595570902642573,,3.75764770632376,,,,both
Nup98,0.00596101170536489,,1.76079972162237,,,,both
Pik3c3,0.00597954809068468,,4.90981629791105,,,,both
Ube2k,0.00599424436738438,,1.99396008882822,,,,both
Nfkbia,0.00601307872417223,,2.93744233984583,,,,both
LOC100047934,0.00603673738018173,,2.3616302410821,,,,both
9130404D08Rik,0.00604700503291833,,2.09005255597116,,,,both
Gbx2,0.00605395091558858,,2.45028222631137,,,,both
Gli3,0.00626316325070053,,1.67686304409394,,,,both
Ensa,0.00629805361441071,,2.09110045725829,,,,both
Ppp1r8,0.00630757574699781,,2.62194604820875,,,,both
Atp1b1,0.00640248376411123,,2.6590824926175,,,,both
Rasgrp1,0.00641653199752301,,2.21966142389531,,,,both
Siah1a,0.00642491006662482,,1.68008003127158,,,,both
Tbx3,0.00645201570973641,,1.75098108987393,,,,both
Bclaf1,0.00653451904851965,,2.02675733851596,,,,both
2310016C08Rik,0.00659302088749525,,1.96941514611023,,,,both
Gtf2h2,0.00666927015553553,,1.54236333200147,,,,both
Senp2,0.00671861775921689,,1.80573136411881,,,,both
Sap30l,0.00676997315966554,,2.46947851747564,,,,both
1110018G07Rik,0.00677967801547519,,1.73827527340843,,,,both
LOC100048299,0.00694256185684394,,2.99131151652006,,,,both
2610039C10Rik,0.00695284443311417,,2.58464927425164,,,,both
Dbr1,0.00701991602270835,,1.61690884994827,,,,both
Med24,0.00702752570602705,,2.21843121699905,,,,both
Rpn2,0.00704181704988704,,2.03686277380412,,,,both
Ube2g1,0.00705778406994861,,4.0042811340973,,,,both
Ptpn6,0.00708080164435843,,2.25376539657393,,,,both
Ube2g1,0.0071018357515561,,2.07291490715617,,,,both
2810485I05Rik,0.00722594864789639,,3.76930239971763,,,,both
Zfp131,0.00730456021071668,,1.95806345006692,,,,both
Kit,0.00732365449187944,,3.35940646608286,,,,both
C530028I08Rik,0.00735185930754645,,1.63556763744811,,,,both
5430405G24Rik,0.00740676848623267,,1.95619546259299,,,,both
Hp1bp3,0.00742792522478986,,2.17586978507042,,,,both
Usp1,0.00753326166082613,,2.64951619244269,,,,both
Bcl2l11,0.00765029934726036,,3.37954237975787,,,,both
1110059E24Rik,0.00770655920008589,,1.69752765690672,,,,both
E2f6,0.00773816214631784,,1.50573186291624,,,,both
Wasl,0.00775306036214074,,2.3212828571939,,,,both
Arfgef1,0.00776366144737861,,1.75678637252072,,,,both
Irf1,0.00785744958569612,,3.77735279456562,,,,both
Taok1,0.00790693529656838,,1.66835382367798,,,,both
Leo1,0.00800740213612272,,1.62646665994968,,,,both
Bri3,0.00802149814893172,,3.71499345056086,,,,both
Zfp292,0.00803503015431617,,2.05112474437628,,,,both
Fbxo3,0.00809220720356352,,1.57143419499507,,,,both
Hmgb2l1,0.00811359261698152,,4.95189537273956,,,,both
Smarcad1,0.00816084769018677,,4.09700234756157,,,,both
Snip1,0.00817726258948148,,2.33924998900761,,,,both
BC002199,0.0081886665221852,,2.11168305862433,,,,both
Fbxl10,0.00820863278660811,,1.86988756398381,,,,both
Ski,0.00821456748822724,,1.92663962976677,,,,both
LOC675933,0.00834147076566483,,2.34088180295955,,,,both
Ubl3,0.00834544066316245,,2.6166320101224,,,,both
E430005I09Rik,0.00835189512630097,,1.9851692086661,,,,both
Rrm2,0.00836998721031834,,1.67857010963776,,,,both
Prpf4,0.00844736045009176,,2.25131292927356,,,,both
Centg3,0.00846432283569265,,1.76569795297796,,,,both
Ep300,0.0084917393172359,,2.35835036914967,,,,both
D15Ertd621e,0.00849926796405354,,1.56014832798168,,,,both
Vps26,0.00852298520563888,,2.08517117666833,,,,both
Wbp11,0.00863415062890005,,1.68773376324806,,,,both
Cnot2,0.00865588500502956,,1.98049120109124,,,,both
Arpc1a,0.00869548709948276,,1.54867526260058,,,,both
Gnl3,0.00870897600299714,,4.06998962648602,,,,both
Tgfbr1,0.00872727204336898,,3.16051850381513,,,,both
Pum1,0.00876755723332001,,4.44732468627466,,,,both
D630036H09Rik,0.00881251273809358,,1.66074150464794,,,,both
Add3,0.00882164901051752,,2.05281601318817,,,,both
Limk2,0.00889870683450678,,1.91704999704096,,,,both
Axin1,0.00891299176698812,,2.34967004453804,,,,both
2210419D22Rik,0.00893976659616391,,3.24369944900804,,,,both
Vkorc1l1,0.0089542888074573,,3.60811488407238,,,,both
Rab2a,0.00912847130710337,,1.83242468452768,,,,both
Etv5,0.00913244444394168,,2.80914321316965,,,,both
4930563B10Rik,0.00917991279628216,,2.0386708236691,,,,both
Rras,0.00919544304290043,,1.98478067163328,,,,both
Zfp292,0.00922052169940002,,2.50687110109882,,,,both
Zmym3,0.00922423722850696,,1.77594903048205,,,,both
Etv5,0.00923928269434482,,2.46265231480978,,,,both
Msi2,0.00932349559274626,,1.80719590808599,,,,both
Ppm1b,0.0093611250003619,,3.26719913818277,,,,both
Fpgs,0.0093975440292039,,1.61200525490541,,,,both
Slc25a16,0.00949958921894678,,1.82059544424978,,,,both
Bag4,0.0095349340167693,,2.37533344709283,,,,both
Nme7,0.00958745153853302,,2.44389231125209,,,,both
Nedd1,0.00960599938865847,,4.67769002499382,,,,both
Rgs16,0.00964774902332066,,1.55558890095186,,,,both
Cwf19l1,0.00969428612062773,,1.96686601592583,,,,both
Ctcf,0.00977909558301771,,1.6455033083675,,,,both
C630022N07Rik,0.00980753356760156,,2.34791491491758,,,,both
Mllt4,0.00988043811302131,,2.07218918374807,,,,both
EG627299,0.00989199930743634,,1.90485160717598,,,,both
Slc40a1,0.00992698586626584,,2.06902414133036,,,,both
Plekha1,0.00993002176603686,,2.7422809082657,,,,both
Aaas,0.00995161557333679,,2.0319811532853,,,,both
Prkcbp1,0.00999035153551997,,1.85182683512072,,,,both
Ctdsp1,1.23602638213427e-06,2.0,1.32527890041936,-13.603608854387744,15.0,0.4062960018723876,PUM1
Vldlr,1.7504035510485e-05,20.0,1.30907472719457,-10.953079103019894,24.0,0.3885474544075972,PUM1
6330549D23Rik,1.47886666814756e-05,17.0,1.28502862718379,-11.12164943530697,58.0,0.3618004993693885,PUM1
Ccdc68,0.000484027808958731,419.0,1.38296999428773,-7.633368196371902,1.0,0.46776985528674453,PUM1
Mast4,1.8202975391457e-06,4.0,1.20603728840362,-13.21651058719038,271.0,0.27027451334358993,PUM1
Ctdsp1,0.000921446861833153,752.0,1.37014941583858,-6.989565447375295,3.0,0.4543332287590503,PUM1
Vldlr,8.34709683097401e-05,86.0,1.29242728222014,-9.39101167147717,43.0,0.37008311030293645,PUM1
2310079P12Rik,2.00018972749127e-05,22.0,1.24749373216506,-10.819683425163928,126.0,0.3190325669877051,PUM1
BC039093,0.000119947030221113,116.0,1.29398454176786,-9.02846032745849,42.0,0.3718203826719519,PUM1
2900097C17Rik,0.000825929389345004,677.0,1.34795310328749,-7.099001273151826,7.0,0.43077030450827364,PUM1
F730014I05Rik,6.18474259184154e-06,9.0,1.20465772227753,-11.993425171119828,281.0,0.2686232937433186,PUM1
Tspan3,2.06681319090407e-05,24.0,1.23497895280659,-10.786917565275946,168.0,0.3044864548137573,PUM1
LOC100046855,2.0809162261104e-05,25.0,1.22949821009552,-10.780117174923397,189.0,0.298069634658927,PUM1
Usp21,0.000757506220347537,636.0,1.32902656308203,-7.1854788089345485,13.0,0.4103699398614464,PUM1
2310051E17Rik,0.000124356505624257,120.0,1.27681116879003,-8.992358072040672,70.0,0.35254517657226575,PUM1
H1f0,0.000709357105107666,591.0,1.32100605028366,-7.251151483892636,20.0,0.4016370742261057,PUM1
Ss18l1,0.000136877555221182,126.0,1.26847391465892,-8.896423789285151,82.0,0.3430938516216672,PUM1
Dlat,9.89136250508782e-05,101.0,1.25766760615007,-9.221263562890407,106.0,0.3307506771270048,PUM1
Hs3st3b1,0.000359504114913145,329.0,1.29426677415384,-7.930784934656872,41.0,0.37213501615652966,PUM1
LOC100046259,2.08161496662029e-06,5.0,1.14461904419177,-13.082366539254233,747.0,0.1948675157846486,PUM1
LOC100047353,0.000727812626567959,610.0,1.31003982584535,-7.2254669239837535,23.0,0.3896106710575526,PUM1
Npat,0.000611335918509148,507.0,1.30249762882528,-7.399863965074945,31.0,0.3812807461044566,PUM1
En2,7.97191998855862e-05,83.0,1.24170553769944,-9.437000099228172,145.0,0.31232308847923423,PUM1
Ccng2,3.33364370244116e-05,37.0,1.21627002675646,-10.30885955424648,229.0,0.28246356020832775,PUM1
Fjx1,0.000817609744650061,668.0,1.30815981308301,-7.109125419982557,26.0,0.38753880036070926,PUM1
E2f3,0.000652514632240697,543.0,1.29607703548646,-7.334676994128903,36.0,0.3741514708547314,PUM1
Cxxc5,7.35554756214896e-07,1.0,1.10032443989706,-14.122640852069075,1400.0,0.1379289772198505,PUM1
Slc39a13,0.000187429582526266,172.0,1.25880217616289,-8.58210734295399,102.0,0.33205157782007055,PUM1
Vldlr,0.00100584462835873,793.0,1.30526558532792,-6.901927664203884,28.0,0.384343385072404,PUM1
Grhl1,0.000503945604745981,432.0,1.28454267240938,-7.59304222280876,60.0,0.361254817253771,PUM1
Klf9,1.3223450162192e-05,14.0,1.17453017378272,-11.233518777091582,475.0,0.23208377678776448,PUM1
Plk4,0.00074319577271309,624.0,1.28967436671976,-7.204551058434145,47.0,0.3670068417549198,PUM1
Dleu7,0.000333595516669671,298.0,1.26610345409242,-8.005581326809585,92.0,0.3403952930823386,PUM1
Lypd6,0.000396225099223324,358.0,1.26651553180688,-7.833528075824152,90.0,0.34086476952839573,PUM1
C76566,0.000803589290443218,657.0,1.28559739044294,-7.126422252086892,55.0,0.3624389056884553,PUM1
Wdr8,0.000851788488235528,708.0,1.28712022576926,-7.068172315199582,52.0,0.364146817366061,PUM1
Nin,0.000694731812604821,579.0,1.27997796588609,-7.271984668014912,65.0,0.3561189752405271,PUM1
Mep1b,8.34011893491304e-06,11.0,1.15160366501179,-11.694433080914363,669.0,0.20364428543975832,PUM1
Zfp236,8.31002166572503e-05,85.0,1.21778309441494,-9.395463248919143,223.0,0.28425719032231445,PUM1
Ppp1r10,0.000148274287338213,133.0,1.23414439287051,-8.816446706602658,173.0,0.3035111973167471,PUM1
scl0001534.1_16,0.000307232723852913,274.0,1.25483434138591,-8.087905039405223,110.0,0.3274969174541786,PUM1
Nf1,0.000259009268179011,238.0,1.2495165908884,-8.25864671243004,122.0,0.3213700574338296,PUM1
Efna1,0.000241510144964985,221.0,1.24382753942807,-8.32859907761738,135.0,0.3147864651629858,PUM1
Ctdsp1,0.0012923417260573,956.0,1.29204949104033,-6.65129941474166,44.0,0.36966133250162325,PUM1
4931406I20Rik,0.000541759026766009,458.0,1.26649468678673,-7.520689255451254,91.0,0.3408410246520604,PUM1
D5Wsu178e,0.000126899203043096,122.0,1.22453208349743,-8.972117463459902,204.0,0.29223057389883783,PUM1
5630401D06Rik,4.13462669768272e-05,45.0,1.19183498612697,-10.09352841924401,354.0,0.25318450326987507,PUM1
C030046E11Rik,0.000793863645263349,653.0,1.27651456885332,-7.138598842871026,72.0,0.35221000330906954,PUM1
Tec,0.000610062137440637,505.0,1.26794765277212,-7.401949741327987,85.0,0.3424951850317449,PUM1
Fjx1,0.000263079062853722,241.0,1.24246930681047,-8.243055951747738,141.0,0.3132102127861421,PUM1
Zfx,0.000572486229689306,481.0,1.26449295619891,-7.4655218757696,95.0,0.33855900055575394,PUM1
B230317C12Rik,0.000272086790690018,249.0,1.24278428133292,-8.209389459145381,139.0,0.31357589956043813,PUM1
Ppp1r9b,0.000276496351938271,253.0,1.24254718766636,-8.193312930802229,140.0,0.3133006414210098,PUM1
Rapgefl1,0.00174117719029365,1172.0,1.29436765259173,-6.353193848364098,40.0,0.3722474590883291,PUM1
Sulf2,0.000348630596357591,316.0,1.24300270236835,-7.961497659488336,138.0,0.31382943290623005,PUM1
Elf1,0.000174171525839872,154.0,1.22248997862708,-8.65546996362353,211.0,0.2898226387200257,PUM1
5033403J15Rik,5.19874958775368e-05,61.0,1.1871798174359,-9.864507332192447,390.0,0.247538470847768,PUM1
Sbno2,0.000553636056474183,465.0,1.25229753446165,-7.499003024867393,112.0,0.3245773741676233,PUM1
Spata13,2.28950493335045e-05,27.0,1.16039633058155,-10.684589857085555,595.0,0.2146176385491245,PUM1
Vav3,0.000113747121323726,110.0,1.20656965576059,-9.08153280749761,269.0,0.27091120533368424,PUM1
LOC100045983,6.61339713301512e-05,75.0,1.19079601337188,-9.623828004698842,363.0,0.2519262967438049,PUM1
Twist1,0.000297221106928758,265.0,1.23374984864035,-8.121034228366652,175.0,0.30304990768809253,PUM1
Rmnd5b,0.00110558101863223,857.0,1.27034459083134,-6.807384273484436,78.0,0.3452198923131424,PUM1
Ivns1abp,0.000376759040278341,347.0,1.2371225021341,-7.88390472531532,159.0,0.30698836569088084,PUM1
4933426M11Rik,0.000338102423098174,304.0,1.23369338619791,-7.992161681466964,177.0,0.3029838813782924,PUM1
Wnt5a,4.44516208841783e-06,8.0,1.10574067673031,-12.323694224327406,1315.0,0.1450130779212579,PUM1
mtDNA_ND5,0.00080967926196629,663.0,1.25399853634189,-7.118872361596876,111.0,0.326535664237616,PUM1
Fmnl3,6.66723280412507e-05,77.0,1.18161100684758,-9.615720563071138,429.0,0.24075517015445583,PUM1
Gsk3a,0.00023584263993881,213.0,1.21741131678641,-8.352345755255557,225.0,0.283816681964794,PUM1
Atp2a2,0.000308741072706731,277.0,1.22509656818728,-8.083007584750296,203.0,0.2928954740881454,PUM1
Prickle1,0.000434740223739349,385.0,1.23459864955553,-7.740761892068749,170.0,0.30404211840727985,PUM1
Clk4,0.000123533624016181,118.0,1.19736191554823,-8.998997179711731,320.0,0.2598592883285496,PUM1
Unc119,6.06378990073431e-05,70.0,1.17648851970162,-9.710590464206911,463.0,0.2344872426613603,PUM1
Pldn,0.000351943148336309,321.0,1.22710876839181,-7.952040905818601,196.0,0.29526313218317213,PUM1
Spint1,1.919668680328e-05,21.0,1.14207784060335,-10.860772856150296,778.0,0.19166098382275368,PUM1
Spire2,0.0026390105137224,1547.0,1.28198547272391,-5.937351237489197,64.0,0.3583799136353426,PUM1
6030443O07Rik,0.000626103319505633,526.0,1.2398881387795,-7.375995153349356,149.0,0.31020996826723707,PUM1
mtDNA_ND4L,0.00329775034047763,1771.0,1.28731650627953,-5.714514757989816,51.0,0.36436680561888013,PUM1
Vezf1,0.00011116486086582,108.0,1.18933114995592,-9.10449622549422,373.0,0.2501504660359478,PUM1
6330514E22Rik,0.000414698990228946,370.0,1.22677591887242,-7.787957625658366,197.0,0.2948717524607072,PUM1
2310005N01Rik,7.29410787547735e-06,10.0,1.10983867778115,-11.82844367606865,1247.0,0.15034998677417238,PUM1
Jmjd2c,0.000101152474562771,102.0,1.18533827259389,-9.198881530361373,402.0,0.24529883511570338,PUM1
B230317C12Rik,0.000600384556452283,496.0,1.23640444769328,-7.417940180633916,163.0,0.30615074909646184,PUM1
3830612M24,0.00097687068983121,781.0,1.24888754621457,-6.931156268999203,123.0,0.3206435779686931,PUM1
B230339M05Rik,0.000459758047199665,406.0,1.22660797541524,-7.684810191207981,198.0,0.2946742365368714,PUM1
Kctd15,5.03022460605074e-05,57.0,1.16253933997278,-9.897460828565103,571.0,0.2172795374020297,PUM1
Kif18a,0.00156691537380294,1088.0,1.26142802120637,-6.458646322297641,99.0,0.33505788652722424,PUM1
Gramd1b,0.00197836010503316,1262.0,1.26756819456091,-6.225487007228708,86.0,0.34206336561779793,PUM1
1200015N20Rik,0.000119933139631323,115.0,1.1859599063001,-9.028576140197941,398.0,0.24605523757383801,PUM1
Usp24,0.000171543987657063,153.0,1.1949450907811,-8.670670836449366,332.0,0.25694432609067297,PUM1
mtDNA_ND2,0.00104731289335902,817.0,1.24697636908923,-6.861527544214435,128.0,0.3184341255358181,PUM1
5730405I09Rik,0.000286912122121841,258.0,1.2096126359257,-8.156334583789238,256.0,0.27454511551498273,PUM1
Bzrap1,0.000215557851938386,193.0,1.20117845426499,-8.442281229977457,303.0,0.2644505023821355,PUM1
Pptc7,0.000646890409956802,540.0,1.23280213145816,-7.343333659638841,183.0,0.3019412613208349,PUM1
9130415E20Rik,2.46282235940587e-05,28.0,1.13848554292562,-10.611617472100802,823.0,0.18711597150796486,PUM1
Shprh,0.00114023974950683,878.0,1.24870863351783,-6.776516732102124,124.0,0.3204368860599888,PUM1
Zfp12,0.000266926608379903,242.0,1.20570922863898,-8.228536812330713,275.0,0.2698820258287239,PUM1
Mier3,0.000633037437786088,533.0,1.23058882951941,-7.364980994147061,186.0,0.29934880186893675,PUM1
Rbm4b,1.24445476652468e-05,13.0,1.11691444544908,-11.294227969511038,1149.0,0.15951868102848651,PUM1
Snx16,7.83590327184669e-05,81.0,1.16974166721339,-9.454209309036775,509.0,0.22618995153409657,PUM1
Ifit2,0.000528923501703749,444.0,1.22417993751157,-7.544666745818574,206.0,0.29181562982488174,PUM1
Setd1b,0.001640967465946,1123.0,1.25557260709411,-6.412469292819649,109.0,0.32834545900831025,PUM1
LOC100047634,8.37967144037277e-05,87.0,1.1693411033756,-9.387116758837623,512.0,0.2256958335189033,PUM1
Fmnl2,0.000864542723574502,715.0,1.23625175255386,-7.053309834079983,164.0,0.3059725662009448,PUM1
Ppard,5.87307389825487e-05,69.0,1.15812188813347,-9.742547305799171,615.0,0.21178709974487372,PUM1
Stx12,0.000301349935478479,268.0,1.20481824309795,-8.107238392143493,279.0,0.26881552026497696,PUM1
Hsf2,1.41341727158961e-05,16.0,1.11644923957523,-11.166915095882336,1155.0,0.15891765915157233,PUM1
Sgol1,2.84640382473e-05,31.0,1.13482385692165,-10.466869083333856,872.0,0.18246838521096215,PUM1
Gclc,0.00130971163057159,964.0,1.24508539649058,-6.637948295335759,134.0,0.31624469560129576,PUM1
Sdc3,2.75636340217877e-05,30.0,1.13314979759429,-10.499013261955959,891.0,0.180338591927386,PUM1
Selk,0.00227070168469656,1392.0,1.26013668616423,-6.0876663830530315,101.0,0.3335802303569569,PUM1
Setdb2,0.000568587275450061,477.0,1.22017071206347,-7.472355737734924,214.0,0.28708300698315337,PUM1
Camta2,0.00053623476600706,452.0,1.21824924807774,-7.530938496504016,222.0,0.28480933207683196,PUM1
Ubqln4,3.79854333458773e-05,42.0,1.14177130716611,-10.178307804731995,784.0,0.19127371282207453,PUM1
C76566,0.000591573652410915,492.0,1.21885764341667,-7.4327243642740335,217.0,0.28552963610590076,PUM1
2010309L07Rik,0.00186325690859945,1219.0,1.25191339009252,-6.285429296387287,114.0,0.3241347571538227,PUM1
Fcho2,0.00227198740806278,1394.0,1.25712838048997,-6.087100320364479,107.0,0.3301319882140262,PUM1
Spred1,0.000253636093948462,232.0,1.19382609712742,-8.279610019233433,341.0,0.25559269666613466,PUM1
Ankrd39,0.000817769568762117,670.0,1.22714696708202,-7.108929961826453,195.0,0.29530804116322856,PUM1
Bap1,5.55743428338751e-05,66.0,1.14859223711759,-9.797788923035478,706.0,0.19986671626214006,PUM1
Wipf3,0.000212028930371644,190.0,1.18656435462725,-8.45878782858544,392.0,0.24679034881150286,PUM1
Tmem68,0.000450772957110934,397.0,1.20573350321457,-7.704546766260569,274.0,0.26991107135351455,PUM1
Patl1,4.61440124348567e-05,50.0,1.13963472744912,-9.983743346822443,813.0,0.18857148988011332,PUM1
F730014I05Rik,0.000739690544381277,618.0,1.21962065912742,-7.209278642497611,215.0,0.2864324934467246,PUM1
Tm9sf2,0.00120246058078277,909.0,1.23296817021618,-6.723385337575498,181.0,0.3021355562176387,PUM1
Zfp236,0.000234533305671136,212.0,1.18571818042462,-8.357912951714685,399.0,0.2457611532080303,PUM1
C79267,0.000827716400777612,679.0,1.22191974775135,-7.096839973387501,212.0,0.28914953611973504,PUM1
A930026I22Rik,0.000732267779390838,613.0,1.21687197875771,-7.219364292058418,227.0,0.2831773970356122,PUM1
Smc6,0.00135704315248542,989.0,1.23444996352544,-6.6024470987194475,171.0,0.30386836030678477,PUM1
Net1,0.000740017287418349,619.0,1.21687806599139,-7.208837010662784,226.0,0.2831846138998599,PUM1
Suv420h1,0.000239791553236168,218.0,1.1843035772777,-8.335740540194049,410.0,0.24403894016875316,PUM1
Sfrp2,0.000830115001587917,684.0,1.21878829373854,-7.093946310641624,218.0,0.28544754835457686,PUM1
Unc5b,0.000176029700044267,163.0,1.17355139417151,-8.644857826911327,480.0,0.2308810242153889,PUM1
Gtpbp2,0.000223866809587303,201.0,1.18034743859678,-8.404459283010636,439.0,0.2392115834527744,PUM1
Ube2a,0.000673708342735946,560.0,1.21134926212332,-7.302713266615902,250.0,0.2766148898761026,PUM1
Prosapip1,0.000346144159945494,312.0,1.19031037206882,-7.968655222438597,369.0,0.2513378036688423,PUM1
Trim59,0.000110157296535962,107.0,1.15700265560191,-9.113601245094454,623.0,0.21039217578447744,PUM1
LOC100045882,8.4252363896864e-05,89.0,1.1489192577208,-9.38169393100241,701.0,0.20027741366823848,PUM1
1700054N08Rik,0.000403642602646803,364.0,1.19397393112438,-7.814980718447988,338.0,0.2557713375674146,PUM1
AI480653,4.3477281410853e-05,48.0,1.12947277381301,-10.043272022715417,944.0,0.17564949467224164,PUM1
Fbxo45,0.000321433789413517,285.0,1.18713229025447,-8.042718978221945,391.0,0.24748071329454366,PUM1
Klf7,1.55128676270211e-05,18.0,1.09905065361172,-11.073840708953934,1424.0,0.1362578794904052,PUM1
Unc119,0.000289433938842176,261.0,1.1830391065599,-8.147583477518534,420.0,0.24249776421661315,PUM1
LOC216963,0.0006784066863319,566.0,1.20672050649484,-7.295763617503459,268.0,0.2710915662450278,PUM1
Arl6ip2,0.000775715705673141,643.0,1.2105071077814,-7.16172446357542,251.0,0.2756115504899862,PUM1
E030044H19Rik,0.00223610505151772,1378.0,1.24098213796334,-6.103019742897676,147.0,0.31148235023284265,PUM1
Ivns1abp,0.000168840478096399,150.0,1.16611702725656,-8.686556205400354,538.0,0.22171257942227704,PUM1
Prss36,0.00105732616108756,828.0,1.21847125693848,-6.852012047235243,220.0,0.2850722190863595,PUM1
Ireb2,0.000349918885352185,317.0,1.18646192227547,-7.957809186477032,394.0,0.24666580013079945,PUM1
Arid2,0.000385552591637195,351.0,1.18921464128762,-7.860832949785461,375.0,0.25000913053698,PUM1
Prei4,0.000225025807281787,205.0,1.17324209040527,-8.399295463307121,482.0,0.23050073424509604,PUM1
Phf12,0.00266256264015707,1560.0,1.24374403016299,-5.928466221403788,136.0,0.3146896008925325,PUM1
2310040A13Rik,0.000556584964055418,468.0,1.19855161440126,-7.493690723151455,312.0,0.2612920385134194,PUM1
BC028528,3.21326063967842e-05,35.0,1.11614339475162,-10.345639267778493,1159.0,0.15852238703047006,PUM1
Gli2,0.00100073561045866,791.0,1.21490092713499,-6.907019938952239,233.0,0.28083866958513687,PUM1
Fmnl3,0.000458175374899561,403.0,1.19211830063149,-7.688258532515324,348.0,0.2535274096807326,PUM1
Ttc8,0.000350641145412611,318.0,1.18430452309158,-7.9557472352248695,409.0,0.2440400923399327,PUM1
Lsm14b,0.000227345329369744,207.0,1.17073028524218,-8.389040421692519,498.0,0.22740874367625302,PUM1
Daam1,0.000373199560611548,343.0,1.18458810347337,-7.893397266345615,407.0,0.2443855026872555,PUM1
Auts2,0.000459863964983542,407.0,1.18954713999322,-7.684579840514017,372.0,0.2504124447658954,PUM1
Dusp4,0.0001629115840589,145.0,1.15955284613356,-8.722302933411893,605.0,0.21356857170230237,PUM1
LOC668492,0.00260786248774036,1532.0,1.23947240634943,-5.949224363401273,151.0,0.3097261539047007,PUM1
6030443O07Rik,0.00103424880756919,811.0,1.21263179976452,-6.874079905565946,243.0,0.27814156093510584,PUM1
C79407,0.000619729894083099,517.0,1.19774091919647,-7.386226829554897,317.0,0.2603158755618213,PUM1
Marcksl1,0.000213566777146346,191.0,1.1670140518879,-8.45156100067985,532.0,0.22282193248222587,PUM1
Card10,0.000175338504947664,159.0,1.16081811456133,-8.648792138430444,590.0,0.21514193794242337,PUM1
Gpr23,4.66099452476332e-05,51.0,1.1225012698836,-9.973696622271728,1051.0,0.16671707708556352,PUM1
Rbl1,0.00366467091156064,1879.0,1.24803701816367,-5.609016739882276,125.0,0.31966072677155727,PUM1
Ncapg2,0.000980222337993442,784.0,1.20978795869916,-6.927731136528499,254.0,0.2747542063921449,PUM1
Pcna,0.000877098522067632,726.0,1.2059743366912,-7.0388912320298695,272.0,0.27019920680493187,PUM1
Atg2b,3.76924199254614e-05,41.0,1.11482447412257,-10.18605154671129,1178.0,0.15681657987915962,PUM1
Ptpra,0.000718593966238856,600.0,1.19960013113834,-7.238214079870544,308.0,0.2625535850323805,PUM1
C130065N10Rik,0.00248261612146738,1474.0,1.23534296586165,-5.998442387119825,165.0,0.3049116300341901,PUM1
Arl4a,0.000490030854569001,424.0,1.18834508531104,-7.62104220033387,378.0,0.24895384335568438,PUM1
Spag9,0.000512205878882233,435.0,1.18923837966393,-7.5767839065563365,374.0,0.2500379284467818,PUM1
Wbp7,0.000691801641544476,575.0,1.19781948059766,-7.2762112886041255,315.0,0.2604105007225582,PUM1
Nelf,0.000157412956398706,141.0,1.15409453177153,-8.756637910256183,650.0,0.20676139983468045,PUM1
Wdr8,0.00251188588558238,1484.0,1.23394180371044,-5.986721459122076,174.0,0.3032743543915427,PUM1
Uchl3,3.18839191384424e-05,33.0,1.10787024962208,-10.353408777518913,1278.0,0.14778892724637535,PUM1
D630023F18Rik,0.00149500580327377,1050.0,1.21843472025055,-6.505625190358547,221.0,0.2850289582474234,PUM1
C730023J07Rik,0.000316676985019582,283.0,1.1733597726423,-8.057628278296288,481.0,0.23064543674668322,PUM1
Ube2h,6.63155602907972e-05,76.0,1.12772899487967,-9.621085993123586,968.0,0.1734204146184249,PUM1
mt-Nd6,0.000727644348326728,607.0,1.19622133263417,-7.225698161656709,324.0,0.258484351033484,PUM1
Notch3,0.00031232815622495,280.0,1.17126932931137,-8.071456140118478,494.0,0.22807285669688826,PUM1
C430014K11Rik,0.000946849791700899,764.0,1.20320045654812,-6.962370092247042,290.0,0.2668770195513792,PUM1
Rapgefl1,0.00441008073691784,2061.0,1.24747642932617,-5.423862281999846,127.0,0.3190125565521129,PUM1
Meis1,0.000845661256031471,702.0,1.19978230402303,-7.075391685124357,307.0,0.26277265800214167,PUM1
Ccnt2,0.000727712410465209,609.0,1.19521847542177,-7.225604628386438,330.0,0.25727435427171214,PUM1
Gfod1,0.000181957073497552,168.0,1.1550285024757,-8.61173975861036,640.0,0.207928453262961,PUM1
Lonrf1,0.000470639264918526,413.0,1.18240767610437,-7.661418649285619,424.0,0.24172754049805578,PUM1
Rab22a,0.00123475478036905,924.0,1.20927577637048,-6.696882887023154,257.0,0.27414328994050546,PUM1
Atp2a2,0.000895170792561961,739.0,1.19997365795478,-7.018496028216917,304.0,0.2630027358711829,PUM1
Slc39a13,0.00085221304533134,709.0,1.19840694131916,-7.067674009187252,313.0,0.26111788519912776,PUM1
Nxf1,0.00066973919261093,556.0,1.19087459990643,-7.308622186122262,360.0,0.2520215042028759,PUM1
Smek2,6.48922680945851e-05,74.0,1.12295908083143,-9.642782077028103,1041.0,0.16730535876512226,PUM1
Usp37,0.000192787217574653,178.0,1.15409283515462,-8.553923476872352,651.0,0.20675927894896942,PUM1
Ifit2,0.000911869218397365,749.0,1.19752447056036,-7.000013979052914,319.0,0.26005513670915925,PUM1
Gmnn,0.000569183589593458,479.0,1.18373178696422,-7.4713075228151755,414.0,0.24334222838971956,PUM1
Gna-rs1,0.00017615997562459,165.0,1.14960837166714,-8.64411802336077,692.0,0.20114247292623286,PUM1
Stk24,0.000672640118556167,559.0,1.18820573381052,-7.304300113460752,379.0,0.2487846555416866,PUM1
D030044M21Rik,0.00332214578415069,1775.0,1.23418907978314,-5.707144384301583,172.0,0.30356343465660846,PUM1
Snf1lk,0.000910806027241362,748.0,1.19636363603238,-7.001180606272033,323.0,0.25865596492375736,PUM1
Vamp2,0.00137379715650066,994.0,1.20798711081597,-6.590176725992531,262.0,0.2726050612349409,PUM1
Ubr5,0.000658272158402307,547.0,1.18646609913271,-7.325892097560722,393.0,0.24667087903009385,PUM1
Pim1,0.00288847652202184,1656.0,1.22893789906933,-5.847026070862593,190.0,0.29741201500403913,PUM1
D0H4S114,0.000826647657427015,678.0,1.19282585892615,-7.098132002785712,345.0,0.2543834388407481,PUM1
Rab6b,0.000102607554361089,103.0,1.13261511199797,-9.184598998687726,903.0,0.17965768432810325,PUM1
Ifngr2,0.000192075636142652,177.0,1.15063839731872,-8.55762132526681,676.0,0.202434519517826,PUM1
Spag1,0.000334236391365872,301.0,1.16608145236544,-8.003662056750109,539.0,0.2216685662566297,PUM1
Zfp148,0.00265689030242355,1556.0,1.22571755939685,-5.9305988993106,200.0,0.2936265788647758,PUM1
Sgsm3,0.000387344748219665,354.0,1.16986413567366,-7.856195439208133,507.0,0.2263409894912091,PUM1
Ppp1r1b,0.00149876412184791,1052.0,1.20886247821747,-6.503114429249653,259.0,0.27365013103990826,PUM1
Ephb4,0.000164050977329522,146.0,1.14447198619872,-8.71533334106487,749.0,0.19468214977274995,PUM1
Net1,0.00111961228208357,868.0,1.19913065175631,-6.794772830319221,311.0,0.26198885672711797,PUM1
Phtf2,0.00017474099898962,155.0,1.14542497026945,-8.652205686104717,740.0,0.19588295967677521,PUM1
Gatad1,0.000528016604755099,443.0,1.17618362482908,-7.546382826352694,466.0,0.23411331013183984,PUM1
Spred2,0.00263923492709717,1548.0,1.22255818610979,-5.937266204166127,210.0,0.2899031300563536,PUM1
Lypd3,0.000374974971774744,345.0,1.16627162248417,-7.888651276155222,536.0,0.22190382865389163,PUM1
LOC100044776,0.00226712960766451,1390.0,1.21776416706267,-6.089240737646546,224.0,0.28423476710952,PUM1
Ripk2,0.00457845238901977,2090.0,1.23774576568625,-5.386394244286812,158.0,0.30771501386569866,PUM1
BC057627,0.000748079755318876,630.0,1.1849911960883,-7.198000960915957,405.0,0.24487634063667157,PUM1
9830001H06Rik,0.000973157712394701,778.0,1.19194500782592,-6.93496440012115,350.0,0.25331767643181174,PUM1
Jag2,0.000240690977919233,220.0,1.15162079333297,-8.331996696556457,668.0,0.2036657431348051,PUM1
Rmnd5b,0.00503229472576305,2176.0,1.23837676424331,-5.291879190996498,155.0,0.3084503074529752,PUM1
Rab22a,0.00146891138935401,1041.0,1.20267770690589,-6.523233703995034,294.0,0.2662500814629956,PUM1
Npat,0.000746995054748067,627.0,1.18310576831859,-7.199451993003214,419.0,0.24257905474934888,PUM1
Polrmt,0.000351766120306518,319.0,1.16137018943113,-7.952544034145635,584.0,0.21582790788766493,PUM1
Pcf11,0.000174905232794398,157.0,1.14114835847104,-8.651266257608556,794.0,0.19048636578666214,PUM1
Edn2,0.000844345811415126,700.0,1.18514120559849,-7.076948418119549,403.0,0.2450589616384117,PUM1
Cxadr,0.00161327186798199,1108.0,1.2035488443426,-6.429490946005738,288.0,0.267294692756251,PUM1
Tagap1,0.00022560813925665,206.0,1.14670557825187,-8.396710960725883,728.0,0.19749502054214185,PUM1
Gnptab,0.000946768029079559,763.0,1.1879983351265,-6.962456448237669,380.0,0.24853281433192356,PUM1
Tbc1d23,0.000400284779549231,359.0,1.16305468351385,-7.823334315298589,565.0,0.21791892981163943,PUM1
Gja7,0.00234934489713412,1421.0,1.21400156484479,-6.0536187568658315,239.0,0.2797702812248662,PUM1
Lypd6,0.000752953270727552,631.0,1.1805762365471,-7.191507389556755,435.0,0.23949120762936316,PUM1
Bnc2,4.53156944189015e-05,49.0,1.09941434393896,-10.00185713031363,1419.0,0.13673520729585092,PUM1
Elf3,0.00017579496770237,162.0,1.13846879362678,-8.64619219825163,824.0,0.1870947465497062,PUM1
Fchsd2,0.000619757737025273,518.0,1.17405718374591,-7.386181903019965,478.0,0.23150267820734846,PUM1
Rundc3b,0.00204261597866018,1294.0,1.20843982397117,-6.19352395014443,261.0,0.27314563378211043,PUM1
LOC381140,0.00107905487600135,841.0,1.18788912886994,-6.831669735796084,382.0,0.2484001890899695,PUM1
Fzd10,0.00190833308858329,1238.0,1.20397743045213,-6.261525146463249,285.0,0.26780834784514296,PUM1
Atf4,0.00284435761238799,1639.0,1.2142736752518,-5.862418032193642,234.0,0.280093615523984,PUM1
Nr1d2,0.000470584383438277,412.0,1.1623229676193,-7.661535266585678,574.0,0.2170109973502316,PUM1
Bcl6b,0.00131649882861939,967.0,1.19183705020356,-6.632779468797095,353.0,0.2531870017956916,PUM1
Gm347,0.000564086812716691,470.0,1.16725351306545,-7.48030239505464,529.0,0.22311793064433516,PUM1
3110050N22Rik,0.00133371784996494,977.0,1.19190884730672,-6.6197848606323255,351.0,0.25327390814323375,PUM1
Bcl3,0.00194992025134699,1256.0,1.20249815228818,-6.23996680398791,296.0,0.2660346772080176,PUM1
LOC100048295,0.00220276845784184,1367.0,1.20589789314426,-6.118040319798751,273.0,0.27010775525559133,PUM1
Numa1,0.000494019613151986,426.0,1.16245513407918,-7.61293533882767,573.0,0.21717503528254584,PUM1
Birc2,3.59492522518101e-05,39.0,1.08667140400533,-10.23340227368502,1640.0,0.11991575317087065,PUM1
Sp2,0.000654966330391415,544.0,1.17017548766711,-7.330926727632825,504.0,0.22672490263104772,PUM1
Ogfrl1,0.000331312859152888,292.0,1.1503134403778,-8.012447435186237,681.0,0.20202702400870315,PUM1
Gpatch1,0.0025620214312243,1506.0,1.20897688766634,-5.966958710505774,258.0,0.2737866644647238,PUM1
Mt3,0.00215174100601168,1340.0,1.2037824245811,-6.141477994291606,287.0,0.2675746584237446,PUM1
Ifrd1,0.00103475664505281,812.0,1.1826440831243,-6.873589005463992,423.0,0.24201595975576484,PUM1
Nup155,0.000151715150574327,136.0,1.12646165383228,-8.793505804649875,986.0,0.17179820326032877,PUM1
Rab3a,0.0027648324159506,1608.0,1.20999078026659,-5.8907752549041,253.0,0.27499605467809746,PUM1
Tmem23,0.000347371712305922,314.0,1.15005153994526,-7.965115134341005,684.0,0.20169851748030737,PUM1
D130035M05Rik,3.15732675182367e-06,6.0,1.01448694176589,-12.665784853008214,7397.0,0.020750295187387375,PUM1
Golim4,0.00021652231838809,196.0,1.13617227924352,-8.437816928591944,857.0,0.18418160910810408,PUM1
Clk4,0.000849471499079546,705.0,1.17495362800533,-7.0708961676451905,472.0,0.2326038189460914,PUM1
Faim,0.000603230280087574,499.0,1.16499477496562,-7.413211543446286,546.0,0.2203234843661711,PUM1
Zfp148,0.000575858028342147,484.0,1.16341891206797,-7.45964940622188,560.0,0.21837066133704364,PUM1
F2rl1,0.00124457156382296,929.0,1.18550207266631,-6.6889639337336195,401.0,0.24549818515040817,PUM1
Glt8d1,0.000150047618367899,134.0,1.12428970030548,-8.804557858460452,1028.0,0.16901382856782382,PUM1
Cks2,0.00267166139927644,1569.0,1.20722007175137,-5.925054753165306,267.0,0.2716886980344182,PUM1
Sbf1,0.00135063669248869,986.0,1.18745416423987,-6.607179173645777,387.0,0.24787182645405204,PUM1
B3gnt9,3.12857526697519e-05,,3.54324752976812,,,,PUM2
Mad2l1,6.01153140198374e-05,,1.88191535877293,,,,PUM2
Ubr7,9.83269351340077e-05,,3.17399658978502,,,,PUM2
Dhx36,0.000249636807635123,,1.5369903499248,,,,PUM2
C230067O06Rik,0.000271697280874506,,1.80958853582894,,,,PUM2
Fam178a,0.000303810366408808,,4.16162411997406,,,,PUM2
Chmp4b,0.000312206038509566,,1.72508739265378,,,,PUM2
Snrpg,0.000405996376281914,,1.74699239438177,,,,PUM2
4921518A06Rik,0.000812671983211333,,1.59022704570435,,,,PUM2
Vps35,0.000818750041794658,,1.55335682026885,,,,PUM2
Ubr7,0.000970703542260698,,2.09793662223765,,,,PUM2
9830169E20Rik,0.00100591929818239,,1.77095716960525,,,,PUM2
Strn4,0.00120789376388752,,2.4651585244027,,,,PUM2
Akirin1,0.00126073299087281,,1.60122383052743,,,,PUM2
Trappc10,0.00142843634718315,,2.12430759918243,,,,PUM2
Gnal1,0.00153475130606007,,1.53844070368164,,,,PUM2
Necap1,0.00155465942548083,,1.7692843089186,,,,PUM2
Fem1b,0.00176086821372767,,1.54756872141809,,,,PUM2
Deb1,0.00192452810192467,,1.61704876759259,,,,PUM2
Nol8,0.00195959280939395,,1.78735752927793,,,,PUM2
Tube1,0.00228654423435193,,1.50605051323747,,,,PUM2
Gnal1,0.00284207065405206,,1.74316714637802,,,,PUM2
Pip4k2c,0.00294946708920951,,1.51645266210308,,,,PUM2
Ctdsp1,0.00406165120420499,,1.71429802652644,,,,PUM2
Dtwd1,0.00420317202386689,,1.6718918438389,,,,PUM2
Tnks2,0.0043370206241905,,1.58889266324302,,,,PUM2
LOC675440,0.00521442279756335,,1.71052366262018,,,,PUM2
Mad2l1,0.00632816571505446,,2.58052376627742,,,,PUM2
Peg3,0.00669929996579977,,2.15239558980265,,,,PUM2
Wdr76,0.00711692684229615,,1.54689383878222,,,,PUM2
AI849286,0.00744152849122826,,1.72890449606657,,,,PUM2
Rpa3,0.00753462671757643,,1.52458758173181,,,,PUM2
Dnajc13,0.00868913474055555,,1.92066925688619,,,,PUM2
Mfsd1,0.00871032599219124,,1.53160163057376,,,,PUM2
Rnps1,0.00881334636978803,,1.64431289027914,,,,PUM2
Rngtt,0.00882042300194241,,1.92691264960173,,,,PUM2
Snrpf,0.00918818428826629,,1.94053334457116,,,,PUM2
Dnajc8,0.0093988608316089,,1.96669040387012,,,,PUM2
B3gnt9,0.0094504092004406,,2.63567094312103,,,,PUM2
